metric,val_mean,val_std,test_mean,test_std,best_fold
AUC,0.6645501154354179,0.0340708802172052,0.7065102785145888,0.013062507628142789,4
Average Precision,0.8214985214453222,0.03923662555999121,0.8443749520162965,0.005000964223716067,4
TPR,0.8662518404350049,0.04683227725269972,0.8090185676392574,0.09896423398502723,5
TNR,0.2461662163658843,0.08987768108515036,0.43562499999999993,0.12763014191404787,8
PPV,0.7258158875719742,0.040134333888490865,0.7741121007996528,0.019182190034242586,4
NPV,0.44192113879339867,0.0695291646683644,0.5212212928103583,0.07485640702877615,3
F1,0.7882780336455261,0.024359322376390553,0.7870209856740872,0.03955926987175633,9
MCC,0.13575748810078675,0.06395972216447247,0.26530284767369294,0.029208346024616513,9
