metric,val_mean,val_std,test_mean,test_std,best_fold
AUC,0.6353450363979498,0.05302979158215723,0.6987582891246685,0.028337844618166373,4
Average Precision,0.7937469583009752,0.054908350397002405,0.8400806722197703,0.015972679303869083,4
TPR,0.919986322302979,0.07696733103708202,0.873209549071618,0.14828891056406757,4
TNR,0.14258799414540357,0.10973122842156167,0.27562499999999995,0.2216847776122664,3
PPV,0.7128582249280154,0.03121203350930455,0.7458629924824496,0.03357733274609816,4
NPV,0.3776226561226561,0.2074138606382033,0.5160393097879657,0.2356737970444202,10
F1,0.8021428747806743,0.04359334680194813,0.7944457771075644,0.06541777587360816,4
MCC,0.08808992059365459,0.08145979244293257,0.18799226464338922,0.0925871043998038,10
