metric,val_mean,val_std,test_mean,test_std,best_fold
AUC,0.6595208859004728,0.05795980778487897,0.6617871352785147,0.03017880849395546,1
Average Precision,0.8013552215326427,0.02395454130600013,0.811636805487083,0.019907829596382574,2
TPR,0.9121865978209905,0.05666895449168114,0.8657824933687003,0.07127533686394556,4
TNR,0.2264805306467021,0.1105856185274604,0.28125,0.13538140566562307,7
PPV,0.7327315282377942,0.02605196210488415,0.7416661875618716,0.022028559646127113,4
NPV,0.4968264782509634,0.18741648383511214,0.42977045328829516,0.1487965388388363,1
F1,0.8116300843388766,0.02861694417816874,0.79656856639743,0.020816790830964507,4
MCC,0.18520010692650338,0.08757186276743548,0.17045885100094785,0.07063735433620602,1
