metric,val_mean,val_std,test_mean,test_std,best_fold
AUC,0.78383008526084,0.03870078750213509,0.8575033156498673,0.01827291943342142,1
Average Precision,0.8872895408604686,0.02747062942369804,0.9308973595692642,0.009825988445855487,4
TPR,0.8985070581922011,0.06558539765884208,0.8687002652519894,0.0804745859407363,8
TNR,0.39576313059908297,0.10208030856784242,0.61375,0.13234070613382715,4
PPV,0.7740857595843842,0.03839288322433546,0.8454866659546078,0.036061484205073616,4
NPV,0.6637133656094123,0.1217287541096692,0.6922970793921062,0.08884465035640511,8
F1,0.8300260556547471,0.03504510671294987,0.8531876524952345,0.031129317810863002,4
MCC,0.3542447644747058,0.07116424858502748,0.506536995553829,0.051006077643940544,8
