metric,val_mean,val_std,test_mean,test_std,best_fold
AUC,0.762662705186661,0.055746627220015776,0.8386240053050399,0.051969087010486054,8
Average Precision,0.8826568872439019,0.03763851821659162,0.9213974773524576,0.031168804043986278,8
TPR,0.9071693409561938,0.05168347111891981,0.8612732095490717,0.10700575606782048,9
TNR,0.3770819925778143,0.08338979936090934,0.58625,0.134012592691881,2
PPV,0.770987585358877,0.0319288438330692,0.8334264618629824,0.03690317896603632,2
NPV,0.6634854139854139,0.11823709348357508,0.6821491607612963,0.1123113148486485,9
F1,0.8331577711129636,0.03650895287268546,0.8425265486249633,0.05590969231920351,9
MCC,0.34855216998242433,0.09468693600361941,0.4769460837121266,0.09954495700555033,6
